{"1": {"train_accuracy": 0.29074074074074074, "train_loss": 1.167890485127767, "val_accuracy": 0.34074074074074073, "val_loss": 1.1020342286895304}, "2": {"train_accuracy": 0.29907407407407405, "train_loss": 1.1209182187362954, "val_accuracy": 0.37407407407407406, "val_loss": 1.0982108677134794}, "3": {"train_accuracy": 0.3, "train_loss": 1.1112786496127094, "val_accuracy": 0.37037037037037035, "val_loss": 1.0959598106496475}, "4": {"train_accuracy": 0.3296296296296296, "train_loss": 1.107888272073534, "val_accuracy": 0.4148148148148148, "val_loss": 1.0935152909334969}, "5": {"train_accuracy": 0.32083333333333336, "train_loss": 1.1072396101774993, "val_accuracy": 0.4222222222222222, "val_loss": 1.0892854999093449}, "6": {"train_accuracy": 0.3282407407407407, "train_loss": 1.1019193035584909, "val_accuracy": 0.40370370370370373, "val_loss": 1.0821935429292566}, "7": {"train_accuracy": 0.3736111111111111, "train_loss": 1.0886161927823668, "val_accuracy": 0.4925925925925926, "val_loss": 1.056107875178842}, "8": {"train_accuracy": 0.43842592592592594, "train_loss": 1.0544756134351094, "val_accuracy": 0.5222222222222223, "val_loss": 1.0043139527825748}, "9": {"train_accuracy": 0.5101851851851852, "train_loss": 0.9982198719625119, "val_accuracy": 0.5222222222222223, "val_loss": 0.9940703511238098}, "10": {"train_accuracy": 0.5569444444444445, "train_loss": 0.943143058264697, "val_accuracy": 0.5407407407407407, "val_loss": 0.9799388576956356}}