{"0": {"accuracy": 0.5555555555555556, "macro-f1": 0.5586069814602643}}