{"0": {"accuracy": 0.7296296296296296, "macro-f1": 0.7244956269568935}}