{"1": {"train_accuracy": 0.29953703703703705, "train_loss": 1.2644257463790751, "val_accuracy": 0.5037037037037037, "val_loss": 1.0411987900733948}, "2": {"train_accuracy": 0.3277777777777778, "train_loss": 1.1270842163651078, "val_accuracy": 0.5814814814814815, "val_loss": 0.9437442527097815}, "3": {"train_accuracy": 0.449537037037037, "train_loss": 0.9975498080253601, "val_accuracy": 0.6111111111111112, "val_loss": 0.8132489008062026}, "4": {"train_accuracy": 0.5717592592592593, "train_loss": 0.8696120867022762, "val_accuracy": 0.6259259259259259, "val_loss": 0.765666044810239}, "5": {"train_accuracy": 0.6129629629629629, "train_loss": 0.8098216381337907, "val_accuracy": 0.6592592592592592, "val_loss": 0.7340633658801808}, "6": {"train_accuracy": 0.6592592592592592, "train_loss": 0.7547722736994426, "val_accuracy": 0.6592592592592592, "val_loss": 0.7291700121234445}, "7": {"train_accuracy": 0.6865740740740741, "train_loss": 0.6966471720624853, "val_accuracy": 0.674074074074074, "val_loss": 0.7175083440892837}, "8": {"train_accuracy": 0.7199074074074074, "train_loss": 0.6543780606102061, "val_accuracy": 0.674074074074074, "val_loss": 0.7210888547055861}, "9": {"train_accuracy": 0.7379629629629629, "train_loss": 0.6293721115147626, "val_accuracy": 0.6851851851851852, "val_loss": 0.7117970708538505}, "10": {"train_accuracy": 0.7481481481481481, "train_loss": 0.5990965941437969, "val_accuracy": 0.6851851851851852, "val_loss": 0.7114088219754836}}