{"1": {"train_accuracy": 0.30462962962962964, "train_loss": 1.2826063226770472, "val_accuracy": 0.46296296296296297, "val_loss": 1.0561927521930021}, "2": {"train_accuracy": 0.36342592592592593, "train_loss": 1.1263870791152673, "val_accuracy": 0.5666666666666667, "val_loss": 0.962459550184362}, "3": {"train_accuracy": 0.5074074074074074, "train_loss": 0.9963994052675035, "val_accuracy": 0.6111111111111112, "val_loss": 0.8280130466994118}, "4": {"train_accuracy": 0.5689814814814815, "train_loss": 0.8807913486604337, "val_accuracy": 0.6555555555555556, "val_loss": 0.7641912242945503}, "5": {"train_accuracy": 0.6449074074074074, "train_loss": 0.7925651382516932, "val_accuracy": 0.6851851851851852, "val_loss": 0.732240708435283}, "6": {"train_accuracy": 0.6652777777777777, "train_loss": 0.7461433896312007, "val_accuracy": 0.6814814814814815, "val_loss": 0.7195699635673972}, "7": {"train_accuracy": 0.6902777777777778, "train_loss": 0.7008960796727075, "val_accuracy": 0.7074074074074074, "val_loss": 0.7171203599256628}, "8": {"train_accuracy": 0.7129629629629629, "train_loss": 0.6723558718407595, "val_accuracy": 0.7, "val_loss": 0.7204029893173891}, "9": {"train_accuracy": 0.7337962962962963, "train_loss": 0.6321230784610465, "val_accuracy": 0.6925925925925925, "val_loss": 0.7278136155184578}, "10": {"train_accuracy": 0.7388888888888889, "train_loss": 0.6191920322400553, "val_accuracy": 0.6925925925925925, "val_loss": 0.7330980932011324}}