{"0": {"accuracy": 0.6592592592592592, "macro-f1": 0.648323702240753}}