{"1": {"train_accuracy": 0.31666666666666665, "train_loss": 1.1602892822689481, "val_accuracy": 0.34074074074074073, "val_loss": 1.0979225635528564}, "2": {"train_accuracy": 0.3101851851851852, "train_loss": 1.1202933664675112, "val_accuracy": 0.34074074074074073, "val_loss": 1.0935924754423254}, "3": {"train_accuracy": 0.33055555555555555, "train_loss": 1.1100365047101621, "val_accuracy": 0.4777777777777778, "val_loss": 1.0580692396444433}, "4": {"train_accuracy": 0.4300925925925926, "train_loss": 1.0637911800984983, "val_accuracy": 0.5296296296296297, "val_loss": 0.9420818721546846}, "5": {"train_accuracy": 0.5305555555555556, "train_loss": 0.9467894320134763, "val_accuracy": 0.5740740740740741, "val_loss": 0.9057751893997192}, "6": {"train_accuracy": 0.5879629629629629, "train_loss": 0.8532879827199159, "val_accuracy": 0.6074074074074074, "val_loss": 0.8701214790344238}, "7": {"train_accuracy": 0.6666666666666666, "train_loss": 0.7452992022037506, "val_accuracy": 0.5703703703703704, "val_loss": 0.9332791724625755}, "8": {"train_accuracy": 0.7138888888888889, "train_loss": 0.669542999179275, "val_accuracy": 0.5925925925925926, "val_loss": 0.9017425863181844}, "9": {"train_accuracy": 0.762962962962963, "train_loss": 0.6006130594898154, "val_accuracy": 0.6185185185185185, "val_loss": 0.8888190108187058}, "10": {"train_accuracy": 0.7805555555555556, "train_loss": 0.5588141636715995, "val_accuracy": 0.6148148148148148, "val_loss": 0.8931979887625751}}